ID	Description	GeneRatio	BgRatio	RichFactor	FoldEnrichment	zScore	pvalue	p.adjust	qvalue	geneID	Count
GO:0030247	polysaccharide binding	5/147	95/26722	0.05263157894736842	9.567490153956319	6.221608535974929	1.831466127335864e-4	0.021589664678925775	0.01912768537343424	AtXTH22/XTH23/XTH30/ARD/WAKL2	5
GO:0005199	structural constituent of cell wall	3/147	28/26722	0.10714285714285714	19.47667638483965	7.275191411993239	4.830334881175716e-4	0.021589664678925775	0.01912768537343424	ATEXT1/LRX10/LRX3	3
GO:0016702	oxidoreductase activity, acting on single donors with incorporation of molecular oxygen, incorporation of two atoms of oxygen	3/147	31/26722	0.0967741935483871	17.591836734693878	6.8745024983480905	6.548164808353832e-4	0.021589664678925775	0.01912768537343424	ATLOX4/ATCCD8/ARD	3
GO:0016762	xyloglucan:xyloglucosyl transferase activity	3/147	32/26722	0.09375	17.042091836734695	6.753207354986438	7.196554892975258e-4	0.021589664678925775	0.01912768537343424	AtXTH22/XTH23/XTH30	3
GO:0016701	oxidoreductase activity, acting on single donors with incorporation of molecular oxygen	3/147	39/26722	0.07692307692307693	13.983254840397697	6.034578503571609	0.0012892150390800667	0.0309411609379216	0.027412782936228793	ATLOX4/ATCCD8/ARD	3
GO:0030246	carbohydrate binding	5/147	165/26722	0.030303030303030304	5.508554937126366	4.320541843816489	0.002229930020257211	0.04459860040514422	0.039512795095785674	AtXTH22/XTH23/XTH30/ARD/WAKL2	5
